{"train/grad_norm":13.129739646911622,"train/samples":192000,"train/steps":3000,"train/update_s":0.38235273856436836,"_timestamp":1.7650788050570853e+09,"train/loss":0.20572433151304723,"train/epochs":6.020884944651761,"train/lr":1.0000000000000021e-05,"train/dataloading_s":0.04440905534196645,"train/kld_loss":0.00854508951306343,"_step":3000,"train/l1_loss":0.11868692189455032,"_runtime":1292.214683664,"train/episodes":90.3132741697764,"_wandb":{"runtime":1292}}