{"train/dataloading_s":0.010824917920399458,"train/samples":128000,"_runtime":1005.173788392,"train/epochs":8.006004503377532,"train/grad_norm":19.044614801406862,"train/update_s":0.25263567755697297,"_wandb":{"runtime":1005},"train/kld_loss":0.02079407125711441,"train/episodes":240.18013510132602,"train/l1_loss":0.15467742085456848,"_step":2000,"train/lr":1.0000000000000021e-05,"_timestamp":1.7649958167266817e+09,"train/loss":0.40161968737840653,"train/steps":2000}